Game ID,Game Name,Brand,Category,Image URL
,"2 Hand Casino Hold'em","Evolution Live",CasinoLive,https://imagedelivery.net/nVyft9zNw2I0pNVtrnC1zA/6312/public
,"Airwave Roulette","Microgaming",CasinoLive,https://imagedelivery.net/nVyft9zNw2I0pNVtrnC1zA/10205/public
,"American Roulette","Evolution Live (Asia)",CasinoLive,https://imagedelivery.net/nVyft9zNw2I0pNVtrnC1zA/7605/public
,"American Roulette","Evolution Live",CasinoLive,https://imagedelivery.net/nVyft9zNw2I0pNVtrnC1zA/6320/public
,"American Roulette","PragmaticPlayLive-EU",CasinoLive,https://imagedelivery.net/nVyft9zNw2I0pNVtrnC1zA/5665/public
,"Amstel Roulette","Microgaming",CasinoLive,https://imagedelivery.net/nVyft9zNw2I0pNVtrnC1zA/10207/public
,"Andar Bahar","PragmaticPlayLive-EU",CasinoLive,https://imagedelivery.net/nVyft9zNw2I0pNVtrnC1zA/5758/public
,"AstarGaming","Astar",CasinoLive,https://imagedelivery.net/nVyft9zNw2I0pNVtrnC1zA/7003/public
,"Auto Lightning Roulette","Evolution Live (Asia)",CasinoLive,https://imagedelivery.net/nVyft9zNw2I0pNVtrnC1zA/8190/public
,"Auto Mega Roulette","PragmaticPlayLive-EU",CasinoLive,https://imagedelivery.net/nVyft9zNw2I0pNVtrnC1zA/5739/public
,"Auto Roulette","PragmaticPlayLive-EU",CasinoLive,https://imagedelivery.net/nVyft9zNw2I0pNVtrnC1zA/5768/public
,"Auto Roulette","Microgaming",CasinoLive,https://imagedelivery.net/nVyft9zNw2I0pNVtrnC1zA/10209/public
,"Auto-Roulette","Evolution Live",CasinoLive,https://imagedelivery.net/nVyft9zNw2I0pNVtrnC1zA/6323/public
,"Auto-Roulette La Partage","Evolution Live",CasinoLive,https://imagedelivery.net/nVyft9zNw2I0pNVtrnC1zA/6317/public
,"Auto-Roulette VIP","Evolution Live",CasinoLive,https://imagedelivery.net/nVyft9zNw2I0pNVtrnC1zA/6316/public
,"Bac Bo","Evolution Live (Asia)",CasinoLive,https://imagedelivery.net/nVyft9zNw2I0pNVtrnC1zA/7607/public
,"Bac Bo","Evolution Live",CasinoLive,https://imagedelivery.net/nVyft9zNw2I0pNVtrnC1zA/6472/public
,"Baccarat 1","PragmaticPlayLive-EU",CasinoLive,https://igamingapis.com/img/5799.png
,"Baccarat 2","PragmaticPlayLive-EU",CasinoLive,https://igamingapis.com/img/5798.png
,"Baccarat 3","PragmaticPlayLive-EU",CasinoLive,https://igamingapis.com/img/5797.png
,"Baccarat 3","PragmaticPlayLive-EU",CasinoLive,https://igamingapis.com/img/5668.png
,"Baccarat 4","Microgaming",CasinoLive,https://imagedelivery.net/nVyft9zNw2I0pNVtrnC1zA/10229/public
,"Baccarat 5","Microgaming",CasinoLive,https://imagedelivery.net/nVyft9zNw2I0pNVtrnC1zA/10230/public
,"Baccarat 5","PragmaticPlayLive-EU",CasinoLive,https://igamingapis.com/img/5796.png
,"Baccarat 6","Microgaming",CasinoLive,https://imagedelivery.net/nVyft9zNw2I0pNVtrnC1zA/10231/public
,"Baccarat 6","PragmaticPlayLive-EU",CasinoLive,https://igamingapis.com/img/5795.png
,"Baccarat 7","Microgaming",CasinoLive,https://imagedelivery.net/nVyft9zNw2I0pNVtrnC1zA/10232/public
,"Baccarat 7","PragmaticPlayLive-EU",CasinoLive,https://imagedelivery.net/nVyft9zNw2I0pNVtrnC1zA/5794/public
,"Baccarat 8","PragmaticPlayLive-EU",CasinoLive,https://imagedelivery.net/nVyft9zNw2I0pNVtrnC1zA/5793/public
,"Baccarat 8","PragmaticPlayLive-EU",CasinoLive,https://imagedelivery.net/nVyft9zNw2I0pNVtrnC1zA/5669/public
,"Baccarat 9","PragmaticPlayLive-EU",CasinoLive,https://igamingapis.com/img/5792.png
,"Baccarat A","Evolution Live",CasinoLive,https://imagedelivery.net/nVyft9zNw2I0pNVtrnC1zA/6442/public
,"Baccarat B","Evolution Live",CasinoLive,https://ik.imagekit.io/f4rqxekfu/games/full_library/thumb_3_4_custom__78_.webp
,"Baccarat C","Evolution Live",CasinoLive,https://imagedelivery.net/nVyft9zNw2I0pNVtrnC1zA/6439/public
,"Baccarat Classic","Casino Game (CG)",CasinoLive,https://imagedelivery.net/nVyft9zNw2I0pNVtrnC1zA/9417/public
,"Baccarat Control Squeeze","Evolution Live",CasinoLive,https://imagedelivery.net/nVyft9zNw2I0pNVtrnC1zA/6434/public
,"Baccarat Squeeze","Evolution Live",CasinoLive,https://imagedelivery.net/nVyft9zNw2I0pNVtrnC1zA/6273/public
,"Balloon Race","Evolution Live (Asia)",CasinoLive,https://imagedelivery.net/nVyft9zNw2I0pNVtrnC1zA/7845/public
,"Bet Behind Pro Blackjack","PragmaticPlayLive-EU",CasinoLive,https://imagedelivery.net/nVyft9zNw2I0pNVtrnC1zA/5692/public
,"Blackjack A","Evolution Live",CasinoLive,https://imagedelivery.net/nVyft9zNw2I0pNVtrnC1zA/6423/public
,"Blackjack A","Evolution Live (Asia)",CasinoLive,https://imagedelivery.net/nVyft9zNw2I0pNVtrnC1zA/7834/public
,"Blackjack Amsterdam","Microgaming",CasinoLive,https://imagedelivery.net/nVyft9zNw2I0pNVtrnC1zA/10197/public
,"Blackjack B","Evolution Live",CasinoLive,https://imagedelivery.net/nVyft9zNw2I0pNVtrnC1zA/6420/public
,"Blackjack Berlin","Microgaming",CasinoLive,https://imagedelivery.net/nVyft9zNw2I0pNVtrnC1zA/10203/public
,"Blackjack C","Evolution Live",CasinoLive,https://imagedelivery.net/nVyft9zNw2I0pNVtrnC1zA/6421/public
,"Blackjack Calgary","Microgaming",CasinoLive,https://imagedelivery.net/nVyft9zNw2I0pNVtrnC1zA/10236/public
,"Blackjack Classic 73","Evolution Live (Asia)",CasinoLive,https://imagedelivery.net/nVyft9zNw2I0pNVtrnC1zA/8030/public
,"Blackjack Classic 74","Evolution Live (Asia)",CasinoLive,https://imagedelivery.net/nVyft9zNw2I0pNVtrnC1zA/8031/public
,"Blackjack Classic 75","Evolution Live (Asia)",CasinoLive,https://imagedelivery.net/nVyft9zNw2I0pNVtrnC1zA/8032/public
,"Blackjack Classic 76","Evolution Live (Asia)",CasinoLive,https://imagedelivery.net/nVyft9zNw2I0pNVtrnC1zA/8033/public